[
    {
        "date": "01/03/2022",
        "branch": "Chennai",
        "deliveryChallan": "DC-014",
        "referenceNumber": "JODC/0410/21-21",
        "customerName": "alen",
        "status": "DELIVERED",
        "invoiceStatus": "NOT INVOICED",
        "amount": "4,10,000"
      },
      {
        "date": "02/03/2022",
        "branch": "Chennai",
        "deliveryChallan": "DC-11",
        "referenceNumber": "JODC/0510/21-21",
        "customerName": "125",
        "status": "DRAFT",
        "invoiceStatus": "NOT INVOICED",
        "amount": "2,50,100"
      },
      {
        "date": "04/03/2022",
        "branch": "Chennai",
        "deliveryChallan": "DC-45",
        "referenceNumber": "JODC/0434/21-21",
        "customerName": "125",
        "status": "DELIVERED",
        "invoiceStatus": "NOT INVOICED",
        "amount": "5,44,000"
      },
      {
        "date": "01/03/2022",
        "branch": "Chennai",
        "deliveryChallan": "DC-014",
        "referenceNumber": "JODC/0410/21-21",
        "customerName": "alen",
        "status": "DELIVERED",
        "invoiceStatus": "NOT INVOICED",
        "amount": "4,10,000"
      },
      {
        "date": "02/03/2022",
        "branch": "Chennai",
        "deliveryChallan": "DC-11",
        "referenceNumber": "JODC/0510/21-21",
        "customerName": "125",
        "status": "DRAFT",
        "invoiceStatus": "NOT INVOICED",
        "amount": "2,50,100"
      },
      {
        "date": "04/03/2022",
        "branch": "Chennai",
        "deliveryChallan": "DC-45",
        "referenceNumber": "JODC/0434/21-21",
        "customerName": "125",
        "status": "DELIVERED",
        "invoiceStatus": "NOT INVOICED",
        "amount": "5,44,000"
      },
      {
        "date": "01/03/2022",
        "branch": "Chennai",
        "deliveryChallan": "DC-014",
        "referenceNumber": "JODC/0410/21-21",
        "customerName": "alen",
        "status": "DELIVERED",
        "invoiceStatus": "NOT INVOICED",
        "amount": "4,10,000"
      },
      {
        "date": "02/03/2022",
        "branch": "Chennai",
        "deliveryChallan": "DC-11",
        "referenceNumber": "JODC/0510/21-21",
        "customerName": "125",
        "status": "DRAFT",
        "invoiceStatus": "NOT INVOICED",
        "amount": "2,50,100"
      },
      {
        "date": "04/03/2022",
        "branch": "Chennai",
        "deliveryChallan": "DC-45",
        "referenceNumber": "JODC/0434/21-21",
        "customerName": "125",
        "status": "DELIVERED",
        "invoiceStatus": "NOT INVOICED",
        "amount": "5,44,000"
      }
]
