[
    {
        "date": "03/03/2022",
        "branch": "Chennai",
        "invoice": "INV-21/22-143",
		"orderNumber" : "546454",
		"customerName": "SAI Foundation",
		"status" : "Due today",
		"dueDate" : "03/03/2022",
        "amount" : "2,50,000",
        "balanceDue" : "1,00,000"

     },
     {
        "date": "03/03/2022",
        "branch": "Chennai",
        "invoice": "INV-21/22-143",
		"orderNumber" : "546454",
		"customerName": "SAI Foundation",
		"status" : "Due today",
		"dueDate" : "03/03/2022",
        "amount" : "2,50,000",
        "balanceDue" : "1,00,000"

     },{
        "date": "03/03/2022",
        "branch": "Chennai",
        "invoice": "INV-21/22-143",
		"orderNumber" : "546454",
		"customerName": "SAI Foundation",
		"status" : "Due today",
		"dueDate" : "03/03/2022",
        "amount" : "2,50,000",
        "balanceDue" : "1,00,000"

     },{
        "date": "03/03/2022",
        "branch": "Chennai",
        "invoice": "INV-21/22-143",
		"orderNumber" : "546454",
		"customerName": "SAI Foundation",
		"status" : "Due today",
		"dueDate" : "03/03/2022",
        "amount" : "2,50,000",
        "balanceDue" : "1,00,000"

     },{
        "date": "03/03/2022",
        "branch": "Chennai",
        "invoice": "INV-21/22-143",
		"orderNumber" : "546454",
		"customerName": "SAI Foundation",
		"status" : "Due today",
		"dueDate" : "03/03/2022",
        "amount" : "2,50,000",
        "balanceDue" : "1,00,000"

     },{
        "date": "03/03/2022",
        "branch": "Chennai",
        "invoice": "INV-21/22-143",
		"orderNumber" : "546454",
		"customerName": "SAI Foundation",
		"status" : "Due today",
		"dueDate" : "03/03/2022",
        "amount" : "2,50,000",
        "balanceDue" : "1,00,000"

     }
	
]
