[
  {
    "batch": "105",
    "name": "raja",
    "partNo": "PO-21/22-143",
    "make": "546454",
    "type": "SAI Foundation",
    "model": "ISSUED",
    "stock": "10",
    "unit": "kg"
  },
  {
    "batch": "105",
    "name": "raja",
    "partNo": "PO-21/22-143",
    "make": "546454",
    "type": "SAI Foundation",
    "model": "ISSUED",
    "stock": "10",
    "unit": "kg"
  },
  {
    "batch": "105",
    "name": "raja",
    "partNo": "PO-21/22-143",
    "make": "546454",
    "type": "SAI Foundation",
    "model": "ISSUED",
    "stock": "10",
    "unit": "kg"
  },
  {
    "batch": "105",
    "name": "raja",
    "partNo": "PO-21/22-143",
    "make": "546454",
    "type": "SAI Foundation",
    "model": "ISSUED",
    "stock": "10",
    "unit": "kg"
  }
]