[
  {
    "date": "03/03/2022",
    "branch": "Chennai",
    "purchaseOrder": "PO-21/22-143",
    "reference": "546454",
    "vendorName": "SAI Foundation",
    "status": "ISSUED",
    "billedStatus": "03/03/2022",
    "amount": "1,25,000",
    "expecteDeliveryDate" : "03/03/2022" 
  },
  
  {
    "date": "03/03/2022",
    "branch": "Chennai",
    "purchaseOrder": "PO-21/22-143",
    "reference": "546454",
    "vendorName": "SAI Foundation",
    "status": "ISSUED",
    "billedStatus": "03/03/2022",
    "amount": "1,25,000",
    "expecteDeliveryDate" : "03/03/2022" 
  },
  {
    "date": "03/03/2022",
    "branch": "Chennai",
    "purchaseOrder": "PO-21/22-143",
    "reference": "546454",
    "vendorName": "SAI Foundation",
    "status": "ISSUED",
    "billedStatus": "03/03/2022",
    "amount": "1,25,000",
    "expecteDeliveryDate" : "03/03/2022" 
  }
]
